{
  "train": {
    "mse": [
      [
        0.505835771560669,
        0.26379168033599854
      ],
      [
        0.5517696142196655,
        0.28788748383522034
      ],
      [
        0.5745211839675903,
        0.312671959400177
      ],
      [
        0.46848833560943604,
        0.3199058473110199
      ],
      [
        0.45848771929740906,
        0.2981952130794525
      ],
      [
        0.46140727400779724,
        0.3294467329978943
      ],
      [
        0.4238109588623047,
        0.26650017499923706
      ],
      [
        0.3885177969932556,
        0.2930867373943329
      ],
      [
        0.42720383405685425,
        0.31066882610321045
      ],
      [
        0.4259563386440277,
        0.3509049415588379
      ],
      [
        0.4143967926502228,
        0.3256528079509735
      ],
      [
        0.3584304749965668,
        0.2853917181491852
      ],
      [
        0.2890458405017853,
        0.22367094457149506
      ],
      [
        0.28338611125946045,
        0.22889961302280426
      ],
      [
        0.34203487634658813,
        0.2567848265171051
      ],
      [
        0.3169487714767456,
        0.2714024782180786
      ],
      [
        0.3378291130065918,
        0.29003676772117615
      ],
      [
        0.31996995210647583,
        0.2652227282524109
      ],
      [
        0.2991682291030884,
        0.21817688643932343
      ],
      [
        0.2987344264984131,
        0.2265137881040573
      ],
      [
        0.2610127329826355,
        0.21054378151893616
      ]
    ],
    "mae": [
      [
        0.14793094992637634,
        0.03185483440756798
      ],
      [
        0.15682390332221985,
        0.03590148314833641
      ],
      [
        0.14646486937999725,
        0.03664403036236763
      ],
      [
        0.12776756286621094,
        0.03738795965909958
      ],
      [
        0.125092014670372,
        0.03809219226241112
      ],
      [
        0.11501237750053406,
        0.03292081505060196
      ],
      [
        0.10938374698162079,
        0.029076548293232918
      ],
      [
        0.09881602227687836,
        0.03132859990000725
      ],
      [
        0.0936470478773117,
        0.03075360134243965
      ],
      [
        0.08929731696844101,
        0.03318549320101738
      ],
      [
        0.08967495709657669,
        0.03067462332546711
      ],
      [
        0.078734390437603,
        0.026415815576910973
      ],
      [
        0.07559545338153839,
        0.02679462730884552
      ],
      [
        0.07582180202007294,
        0.026249445974826813
      ],
      [
        0.07884646207094193,
        0.02956647053360939
      ],
      [
        0.07272662222385406,
        0.027780259028077126
      ],
      [
        0.0724002942442894,
        0.026103965938091278
      ],
      [
        0.07188486307859421,
        0.02595505490899086
      ],
      [
        0.06904271990060806,
        0.023906251415610313
      ],
      [
        0.06603527069091797,
        0.02468797378242016
      ],
      [
        0.06039568409323692,
        0.022751888260245323
      ]
    ]
  },
  "val": {
    "mse": [
      [
        0.7053936719894409,
        0.3827163279056549
      ],
      [
        0.6724376082420349,
        0.3774086833000183
      ],
      [
        0.5967718362808228,
        0.38861799240112305
      ],
      [
        0.4722912907600403,
        0.30558210611343384
      ],
      [
        0.49193599820137024,
        0.2907947897911072
      ],
      [
        0.488918662071228,
        0.3644692897796631
      ],
      [
        0.4611576199531555,
        0.3388572037220001
      ],
      [
        0.45321065187454224,
        0.2806297242641449
      ],
      [
        0.38186800479888916,
        0.28041157126426697
      ],
      [
        0.3944273889064789,
        0.3204818367958069
      ],
      [
        0.5941547751426697,
        0.41384679079055786
      ],
      [
        0.4768400490283966,
        0.3799193203449249
      ],
      [
        0.5461044311523438,
        0.39861640334129333
      ],
      [
        0.6331647634506226,
        0.4635898768901825
      ],
      [
        0.8087247610092163,
        0.5363342761993408
      ],
      [
        0.8706335425376892,
        0.60527104139328
      ],
      [
        0.6553956270217896,
        0.4648878574371338
      ],
      [
        0.8417696952819824,
        0.6595465540885925
      ],
      [
        1.1501548290252686,
        0.882345974445343
      ],
      [
        0.9126913547515869,
        0.699546754360199
      ],
      [
        1.162566065788269,
        0.9559409618377686
      ]
    ],
    "mae": [
      [
        0.17192822694778442,
        0.03934793919324875
      ],
      [
        0.16649265587329865,
        0.04003169387578964
      ],
      [
        0.13626939058303833,
        0.03900418430566788
      ],
      [
        0.11952941864728928,
        0.030890459194779396
      ],
      [
        0.1260845959186554,
        0.034947678446769714
      ],
      [
        0.11939945816993713,
        0.038079433143138885
      ],
      [
        0.10595270246267319,
        0.033360544592142105
      ],
      [
        0.10946024954319,
        0.03276226669549942
      ],
      [
        0.09399720281362534,
        0.03608044236898422
      ],
      [
        0.09446045756340027,
        0.041992031037807465
      ],
      [
        0.11458288133144379,
        0.04721078649163246
      ],
      [
        0.10405129194259644,
        0.042938683182001114
      ],
      [
        0.1071019321680069,
        0.04440099373459816
      ],
      [
        0.11397558450698853,
        0.05373245105147362
      ],
      [
        0.12695707380771637,
        0.05536668747663498
      ],
      [
        0.13592976331710815,
        0.06675459444522858
      ],
      [
        0.11850182712078094,
        0.053260438144207
      ],
      [
        0.12721219658851624,
        0.06832533329725266
      ],
      [
        0.14840102195739746,
        0.0821758508682251
      ],
      [
        0.1286388635635376,
        0.0702146589756012
      ],
      [
        0.14761358499526978,
        0.08893779665231705
      ]
    ]
  },
  "train_epochs": [
    0,
    1,
    2,
    3,
    4,
    5,
    6,
    7,
    8,
    9,
    10,
    11,
    12,
    13,
    14,
    15,
    16,
    17,
    18,
    19,
    20
  ],
  "val_epochs": [
    0,
    1,
    2,
    3,
    4,
    5,
    6,
    7,
    8,
    9,
    10,
    11,
    12,
    13,
    14,
    15,
    16,
    17,
    18,
    19,
    20
  ],
  "lr": [
    [
      0.0001
    ],
    [
      0.002575000000000002
    ],
    [
      0.005050000000000005
    ],
    [
      0.007524999999999996
    ],
    [
      0.009999999999999998
    ],
    [
      0.00938125
    ],
    [
      0.0087625
    ],
    [
      0.008143749999999998
    ],
    [
      0.007525000000000002
    ],
    [
      0.006906250000000001
    ],
    [
      0.0062875000000000006
    ],
    [
      0.005668749999999999
    ],
    [
      0.00505
    ],
    [
      0.004431250000000002
    ],
    [
      0.003812500000000001
    ],
    [
      0.00319375
    ],
    [
      0.0025749999999999996
    ],
    [
      0.001956249999999999
    ],
    [
      0.0013375000000000012
    ],
    [
      0.0007187500000000006
    ],
    [
      0.0001
    ]
  ]
}