{
  "train": {
    "mse": [
      [
        0.4777181148529053,
        0.28172048926353455
      ],
      [
        0.5893731117248535,
        0.31855645775794983
      ],
      [
        0.508946418762207,
        0.3109767436981201
      ],
      [
        0.4432528614997864,
        0.28429320454597473
      ],
      [
        0.40902894735336304,
        0.2848320007324219
      ],
      [
        0.39587247371673584,
        0.3089642822742462
      ],
      [
        0.3518880307674408,
        0.27495020627975464
      ],
      [
        0.3586128354072571,
        0.29762881994247437
      ],
      [
        0.29134485125541687,
        0.2388213872909546
      ],
      [
        0.36592480540275574,
        0.3133585453033447
      ],
      [
        0.3297276496887207,
        0.2595394551753998
      ],
      [
        0.25769251585006714,
        0.22744876146316528
      ],
      [
        0.24200432002544403,
        0.19491863250732422
      ],
      [
        0.2379213273525238,
        0.2509435713291168
      ],
      [
        0.31876471638679504,
        0.29757633805274963
      ],
      [
        0.21287751197814941,
        0.1820261925458908
      ],
      [
        0.2342052161693573,
        0.23431916534900665
      ],
      [
        0.26237839460372925,
        0.21623495221138
      ],
      [
        0.24134176969528198,
        0.20208308100700378
      ],
      [
        0.21602028608322144,
        0.19664867222309113
      ],
      [
        0.1654478907585144,
        0.19311334192752838
      ],
      [
        0.3984352946281433,
        0.2838553190231323
      ],
      [
        0.3044179677963257,
        0.27829572558403015
      ],
      [
        0.24693194031715393,
        0.2535446882247925
      ],
      [
        0.2830805778503418,
        0.27201247215270996
      ],
      [
        0.28834760189056396,
        0.30662772059440613
      ],
      [
        0.2106713354587555,
        0.20446409285068512
      ],
      [
        0.2427060455083847,
        0.25401556491851807
      ],
      [
        0.26584360003471375,
        0.21029111742973328
      ],
      [
        0.3627322316169739,
        0.2944636940956116
      ],
      [
        0.21463434398174286,
        0.21338804066181183
      ],
      [
        0.26757997274398804,
        0.25257810950279236
      ],
      [
        0.27788591384887695,
        0.2748967111110687
      ]
    ],
    "mae": [
      [
        0.141597181558609,
        0.03461221233010292
      ],
      [
        0.15623895823955536,
        0.03621845692396164
      ],
      [
        0.13694459199905396,
        0.03443644940853119
      ],
      [
        0.12425390630960464,
        0.03215745836496353
      ],
      [
        0.11670190840959549,
        0.03343730792403221
      ],
      [
        0.1079874262213707,
        0.03362145274877548
      ],
      [
        0.10333248227834702,
        0.0330776646733284
      ],
      [
        0.09934724867343903,
        0.032065991312265396
      ],
      [
        0.0892491340637207,
        0.028838053345680237
      ],
      [
        0.09567394852638245,
        0.0330086387693882
      ],
      [
        0.09635742008686066,
        0.03306375443935394
      ],
      [
        0.0815395712852478,
        0.026408780366182327
      ],
      [
        0.08678195625543594,
        0.028799187391996384
      ],
      [
        0.08336932212114334,
        0.029213611036539078
      ],
      [
        0.08913662284612656,
        0.03374077007174492
      ],
      [
        0.07822581380605698,
        0.027374887838959694
      ],
      [
        0.07359558343887329,
        0.025234542787075043
      ],
      [
        0.07544298470020294,
        0.02497132681310177
      ],
      [
        0.07491421699523926,
        0.02704792656004429
      ],
      [
        0.07052202522754669,
        0.024996427819132805
      ],
      [
        0.05959372594952583,
        0.02156752347946167
      ],
      [
        0.10123500972986221,
        0.03831518813967705
      ],
      [
        0.07984814047813416,
        0.02835768274962902
      ],
      [
        0.07473951578140259,
        0.030004529282450676
      ],
      [
        0.07613027840852737,
        0.03060811758041382
      ],
      [
        0.0765228271484375,
        0.03262632340192795
      ],
      [
        0.06842643767595291,
        0.022150877863168716
      ],
      [
        0.07201674580574036,
        0.03383662924170494
      ],
      [
        0.08327703177928925,
        0.030187081545591354
      ],
      [
        0.08754102140665054,
        0.03344503417611122
      ],
      [
        0.06711902469396591,
        0.024727901443839073
      ],
      [
        0.07638832926750183,
        0.03292378410696983
      ],
      [
        0.0809304490685463,
        0.030805140733718872
      ]
    ],
    "fwmae": [
      [
        0.723453164100647,
        0.17494931817054749
      ],
      [
        0.7946153879165649,
        0.1729857623577118
      ],
      [
        0.6489055156707764,
        0.16747096180915833
      ],
      [
        0.5599021911621094,
        0.14675068855285645
      ],
      [
        0.5175650715827942,
        0.14876192808151245
      ],
      [
        0.47907957434654236,
        0.15030144155025482
      ],
      [
        0.4488951563835144,
        0.14733661711215973
      ],
      [
        0.42066195607185364,
        0.14452672004699707
      ],
      [
        0.3833457827568054,
        0.1321827918291092
      ],
      [
        0.40563368797302246,
        0.1444447785615921
      ],
      [
        0.3938720226287842,
        0.14035339653491974
      ],
      [
        0.3312985897064209,
        0.11080556362867355
      ],
      [
        0.34803760051727295,
        0.117874376475811
      ],
      [
        0.3349713683128357,
        0.12329904735088348
      ],
      [
        0.3662336766719818,
        0.14224596321582794
      ],
      [
        0.3215647339820862,
        0.11248651146888733
      ],
      [
        0.3136586546897888,
        0.11267703771591187
      ],
      [
        0.31626445055007935,
        0.10687035322189331
      ],
      [
        0.31937938928604126,
        0.11430258303880692
      ],
      [
        0.29684287309646606,
        0.10958786308765411
      ],
      [
        0.2482626587152481,
        0.09038310497999191
      ],
      [
        0.4741362929344177,
        0.20702069997787476
      ],
      [
        0.3584354519844055,
        0.13151432573795319
      ],
      [
        0.32617923617362976,
        0.13196803629398346
      ],
      [
        0.33037373423576355,
        0.13582955300807953
      ],
      [
        0.3315950334072113,
        0.1417636126279831
      ],
      [
        0.2925648093223572,
        0.10233615338802338
      ],
      [
        0.3140707015991211,
        0.15504559874534607
      ],
      [
        0.3615429401397705,
        0.1346532255411148
      ],
      [
        0.3945106863975525,
        0.15677432715892792
      ],
      [
        0.29384803771972656,
        0.11244237422943115
      ],
      [
        0.3390877842903137,
        0.15893559157848358
      ],
      [
        0.35347065329551697,
        0.14069604873657227
      ]
    ]
  },