{
  "train": {
    "mse": [
      [
        0.4780760705471039,
        0.2815924286842346
      ],
      [
        0.5649881362915039,
        0.31783124804496765
      ],
      [
        0.4966265559196472,
        0.3067646026611328
      ],
      [
        0.46059566736221313,
        0.29311689734458923
      ],
      [
        0.43757057189941406,
        0.2953554689884186
      ],
      [
        0.4521676301956177,
        0.32449421286582947
      ],
      [
        0.41871505975723267,
        0.30701881647109985
      ],
      [
        0.4294271469116211,
        0.3107294738292694
      ],
      [
        0.3682803809642792,
        0.2759639322757721
      ],
      [
        0.43886810541152954,
        0.3296383321285248
      ],
      [
        0.42023152112960815,
        0.27569863200187683
      ],
      [
        0.34178343415260315,
        0.2621215879917145
      ],
      [
        0.320602685213089,
        0.23836274445056915
      ],
      [
        0.31444060802459717,
        0.2676582336425781
      ],
      [
        0.3777189254760742,
        0.3124805688858032
      ],
      [
        0.3079511821269989,
        0.22023430466651917
      ],
      [
        0.3657616972923279,
        0.2833678722381592
      ],
      [
        0.3690667152404785,
        0.24597953259944916
      ],
      [
        0.38701075315475464,
        0.2375888079404831
      ],
      [
        0.36562687158584595,
        0.2537250518798828
      ],
      [
        0.29235291481018066,
        0.25039538741111755
      ],
      [
        0.4315660297870636,
        0.2761032283306122
      ]
    ],
    "mae": [
      [
        0.1443379819393158,
        0.03541955724358559
      ],
      [
        0.14743192493915558,
        0.03596135973930359
      ],
      [
        0.1329648196697235,
        0.03284725174307823
      ],
      [
        0.12397582828998566,
        0.03200812637805939
      ],
      [
        0.11825063824653625,
        0.03361102193593979
      ],
      [
        0.11003199219703674,
        0.033680811524391174
      ],
      [
        0.10290732979774475,
        0.03227946162223816
      ],
      [
        0.09959829598665237,
        0.03110368922352791
      ],
      [
        0.08891233801841736,
        0.028778232634067535
      ],
      [
        0.09429483115673065,
        0.03260112553834915
      ],
      [
        0.09898470342159271,
        0.03338133543729782
      ],
      [
        0.08550731837749481,
        0.026779858395457268
      ],
      [
        0.09115131944417953,
        0.030430257320404053
      ],
      [
        0.0881810337305069,
        0.030443597584962845
      ],
      [
        0.09245041012763977,
        0.03341075778007507
      ],
      [
        0.08591287583112717,
        0.028754889965057373
      ],
      [
        0.08788894861936569,
        0.02766631543636322
      ],
      [
        0.09047137200832367,
        0.027485821396112442
      ],
      [
        0.09453264623880386,
        0.030754990875720978
      ],
      [
        0.09043040126562119,
        0.028706887736916542
      ],
      [
        0.07799200713634491,
        0.025467371568083763
      ],
      [
        0.09814668446779251,
        0.029281027615070343
      ]
    ],
    "fwmae": [
      [
        0.7281504273414612,
        0.17557033896446228
      ],
      [
        0.734858512878418,
        0.17152777314186096
      ],
      [
        0.6205070614814758,
        0.1506466269493103
      ],
      [
        0.5663355588912964,
        0.1455337256193161
      ],
      [
        0.5325907468795776,
        0.14912058413028717
      ],
      [
        0.49318933486938477,
        0.1484551876783371
      ],
      [
        0.45076969265937805,
        0.13956308364868164
      ],
      [
        0.4270057678222656,
        0.13717395067214966
      ],
      [
        0.38511931896209717,
        0.12961910665035248
      ],
      [
        0.3997528851032257,
        0.13891682028770447
      ],
      [
        0.4122709333896637,
        0.13953617215156555
      ],
      [
        0.35724973678588867,
        0.11064397543668747
      ],
      [
        0.3744083046913147,
        0.12413590401411057
      ],
      [
        0.36277055740356445,
        0.12387412786483765
      ],
      [
        0.3802940249443054,
        0.1344713270664215
      ],
      [
        0.3576815128326416,
        0.11790328472852707
      ],
      [
        0.37074437737464905,
        0.12021169066429138
      ],
      [
        0.3723992705345154,
        0.11199390143156052
      ],
      [
        0.3935478925704956,
        0.12607760727405548
      ],
      [
        0.3734417259693146,
        0.12205547094345093
      ],
      [
        0.32070308923721313,
        0.10483404994010925
      ],
      [
        0.41090598702430725,
        0.12232905626296997
      ]
    ]
  },
  "val": {
    "mse": [
      [
        0.6794037818908691,
        0.3820466995239258
      ],
      [
        0.6718605160713196,
        0.4322136342525482
      ],
      [
        0.5322993993759155,
        0.2956652343273163
      ],
      [
        0.49943727254867554,
        0.31645575165748596
      ],
      [
        0.5018914937973022,
        0.35147035121917725
      ],
      [
        0.43150806427001953,
        0.307644248008728
      ],
      [
        0.43736374378204346,
        0.3079083263874054
      ],
      [
        0.44382843375205994,
        0.30974704027175903
      ],
      [
        0.42318403720855713,
        0.2932266891002655
      ],
      [
        0.394807368516922,
        0.3164489269256592
      ],
      [
        0.5292932987213135,
        0.39508670568466187
      ],
      [
        0.4005502462387085,
        0.29977771639823914
      ],
      [
        0.4587319791316986,
        0.36620116233825684
      ],
      [
        0.5140597820281982,
        0.3577648997306824
      ],
      [
        0.5465182662010193,
        0.3916577994823456
      ],
      [
        0.5801876783370972,
        0.3958292603492737
      ],
      [
        0.5455254912376404,
        0.3615996837615967
      ],
      [
        0.6104196310043335,
        0.40633684396743774
      ],
      [
        0.5400900840759277,
        0.3614831268787384
      ],
      [
        0.5542635321617126,
        0.33238014578819275
      ],
      [
        0.5006468296051025,
        0.3715829849243164
      ],
      [
        0.5446006059646606,
        0.3534875214099884
      ]
    ],