{
  "train": {
    "mse": [
      [
        0.5056567788124084,
        0.2638140618801117
      ],
      [
        0.5517457723617554,
        0.28790339827537537
      ],
      [
        0.6268589496612549,
        0.4259054660797119
      ],
      [
        0.5532382130622864,
        0.32937392592430115
      ],
      [
        0.5516824126243591,
        0.3141830265522003
      ],
      [
        0.5689389109611511,
        0.3428683280944824
      ],
      [
        0.5571984648704529,
        0.2889995574951172
      ],
      [
        0.5380379557609558,
        0.330642968416214
      ],
      [
        0.6041258573532104,
        0.3530188202857971
      ],
      [
        0.6109017729759216,
        0.39895355701446533
      ],
      [
        0.6150112748146057,
        0.3738600015640259
      ],
      [
        0.557910144329071,
        0.34124240279197693
      ],
      [
        0.4802502691745758,
        0.2757740318775177
      ],
      [
        0.4881042242050171,
        0.28546643257141113
      ],
      [
        0.5619412660598755,
        0.31615495681762695
      ],
      [
        0.5475716590881348,
        0.34467393159866333
      ],
      [
        0.5845409631729126,
        0.3644474148750305
      ],
      [
        0.5787585973739624,
        0.34549644589424133
      ],
      [
        0.5708046555519104,
        0.3097236752510071
      ],
      [
        0.5803037285804749,
        0.33147692680358887
      ],
      [
        0.5226385593414307,
        0.3054625391960144
      ],
      [
        0.623908519744873,
        0.3645150363445282
      ],
      [
        0.6024095416069031,
        0.3508434295654297
      ],
      [
        0.6199412941932678,
        0.390661358833313
      ],
      [
        0.6423419713973999,
        0.3836561441421509
      ]
    ],
    "mae": [
      [
        0.14672386646270752,
        0.031386133283376694
      ],
      [
        0.1568221151828766,
        0.035946693271398544
      ],
      [
        0.18076440691947937,
        0.15432368218898773
      ],
      [
        0.15908783674240112,
        0.040114160627126694
      ],
      [
        0.15995174646377563,
        0.04245460033416748
      ],
      [
        0.15664154291152954,
        0.038175225257873535
      ],
      [
        0.15727196633815765,
        0.03657817468047142
      ],
      [
        0.15329855680465698,
        0.03774811327457428
      ],
      [
        0.1582501232624054,
        0.04038644954562187
      ],
      [
        0.16017445921897888,
        0.043592263013124466
      ],
      [
        0.16396301984786987,
        0.03862566128373146
      ],
      [
        0.15404534339904785,
        0.038448501378297806
      ],
      [
        0.1506311297416687,
        0.03655640408396721
      ],
      [
        0.15295788645744324,
        0.03669854253530502
      ],
      [
        0.15677405893802643,
        0.04113759472966194
      ],
      [
        0.1545322686433792,
        0.03918881341814995
      ],
      [
        0.15758880972862244,
        0.03930339589715004
      ],
      [
        0.15972232818603516,
        0.03890339657664299
      ],
      [
        0.15726163983345032,
        0.039018116891384125
      ],
      [
        0.1549268364906311,
        0.04117080196738243
      ],
      [
        0.14729532599449158,
        0.03764919191598892
      ],
      [
        0.1611786186695099,
        0.03838688135147095
      ],
      [
        0.15926583111286163,
        0.03962808847427368
      ],
      [
        0.16473448276519775,
        0.04448617994785309
      ],
      [
        0.16511636972427368,
        0.045465003699064255
      ]
    ]
  },
  "val": {
    "mse": [
      [
        0.7053770422935486,
        0.382720023393631
      ],
      [
        0.6733303070068359,
        0.37756285071372986
      ],
      [
        0.6828714609146118,
        0.39033177495002747
      ],
      [
        0.58177250623703,
        0.30690428614616394
      ],
      [
        0.5775525569915771,
        0.28938573598861694
      ],
      [
        0.5947821140289307,
        0.37627825140953064
      ],
      [
        0.568675696849823,
        0.33813515305519104
      ],
      [
        0.5699799656867981,
        0.28719189763069153
      ],
      [
        0.5218979120254517,
        0.2892169654369354
      ],
      [
        0.5265655517578125,
        0.334056556224823
      ],
      [
        0.668785035610199,
        0.3749099373817444
      ],
      [
        0.6028265357017517,
        0.36756864190101624
      ],
      [
        0.5443504452705383,
        0.31576067209243774
      ],
      [
        0.549416720867157,
        0.3149169981479645
      ],
      [
        0.592693030834198,
        0.35549524426460266
      ],
      [
        0.6127109527587891,
        0.374545693397522
      ],
      [
        0.6263670921325684,
        0.3517851233482361
      ],
      [
        0.6260069608688354,
        0.35871806740760803
      ],
      [
        0.6001811027526855,
        0.3502383530139923
      ],
      [
        0.5783545970916748,
        0.3711393177509308
      ],
      [
        0.5677320957183838,
        0.308179646730423
      ],
      [
        0.6096956729888916,
        0.3897106647491455
      ],
      [
        0.603131890296936,
        0.3230486214160919
      ],
      [
        0.5920136570930481,
        0.3419376313686371
      ],
      [
        0.5496538877487183,
        0.33415231108665466
      ]
    ],
    "mae": [
      [
        0.17215780913829803,
        0.039354074746370316
      ],
      [
        0.16703522205352783,
        0.03994138538837433
      ],
      [
        0.1674688756465912,
        0.04075738415122032
      ],
      [
        0.15400689840316772,
        0.032282616943120956
      ],
      [
        0.15992146730422974,
        0.03842787444591522
      ],
      [
        0.16188642382621765,
        0.042283784598112106
      ],
      [
        0.14992736279964447,
        0.037336356937885284
      ],
      [
        0.15554821491241455,
        0.032643117010593414
      ],
      [
        0.14878664910793304,
        0.03741750121116638
      ],
      [
        0.14691263437271118,
        0.042140569537878036
      ],
      [
        0.16311082243919373,
        0.039882078766822815
      ],
      [
        0.15939640998840332,
        0.03999730944633484
      ],
      [
        0.15142840147018433,
        0.03407341614365578
      ],
      [
        0.15320873260498047,
        0.03856809809803963
      ],
      [
        0.15110595524311066,
        0.037335529923439026
      ],
      [
        0.15925225615501404,
        0.04102499783039093
      ],
      [
        0.16289138793945312,
        0.03886403143405914
      ],
      [
        0.16082791984081268,
        0.03984270617365837
      ],
      [
        0.15489685535430908,
        0.037333086133003235
      ],
      [
        0.15485180914402008,
        0.04069932922720909
      ],
      [
        0.15775367617607117,
        0.04017864912748337
      ],
      [
        0.1554073691368103,
        0.03666561096906662
      ],
      [
        0.1640276312828064,
        0.041803400963544846
      ],
      [
        0.16067370772361755,
        0.03986067324876785
      ],
      [
        0.15904851257801056,
        0.037199657410383224
      ]
    ]
  },
  "train_epochs": [
    0,
    1,
    2,
    3,
    4,
    5,
    6,
    7,
    8,
    9,
    10,
    11,
    12,
    13,
    14,
    15,
    16,
    17,
    18,
    19,
    20,
    21,
    22,
    23,
    24
  ],
  "val_epochs": [
    0,
    1,
    2,
    3,
    4,
    5,
    6,
    7,
    8,
    9,
    10,
    11,
    12,
    13,
    14,
    15,
    16,
    17,
    18,
    19,
    20,
    21,
    22,
    23,
    24
  ],