{
  "train": {
    "mse": [
      [
        0.4776536822319031,
        0.2817310690879822
      ],
      [
        0.5907701253890991,
        0.31902629137039185
      ],
      [
        0.5190190076828003,
        0.31101876497268677
      ],
      [
        0.4620627760887146,
        0.29273536801338196
      ],
      [
        0.4395461976528168,
        0.2962273359298706
      ],
      [
        0.4613817632198334,
        0.3246874511241913
      ],
      [
        0.42554140090942383,
        0.30642038583755493
      ],
      [
        0.4153234660625458,
        0.3040432035923004
      ],
      [
        0.35519665479660034,
        0.26524269580841064
      ],
      [
        0.42233896255493164,
        0.32139652967453003
      ],
      [
        0.3958621919155121,
        0.25869977474212646
      ],
      [
        0.31848037242889404,
        0.24962013959884644
      ],
      [
        0.29476892948150635,
        0.22654719650745392
      ],
      [
        0.2722085118293762,
        0.2432163804769516
      ],
      [
        0.30726194381713867,
        0.26943057775497437
      ],
      [
        0.23179352283477783,
        0.1752416491508484
      ],
      [
        0.2654924988746643,
        0.21471896767616272
      ],
      [
        0.2438317835330963,
        0.17686770856380463
      ],
      [
        0.24015823006629944,
        0.16817116737365723
      ],
      [
        0.20969486236572266,
        0.1575641930103302
      ],
      [
        0.16615056991577148,
        0.16689877212047577
      ],
      [
        0.2314712554216385,
        0.1750875860452652
      ]
    ],
    "mae": [
      [
        0.14077907800674438,
        0.034257762134075165
      ],
      [
        0.15854036808013916,
        0.03663615137338638
      ],
      [
        0.13785690069198608,
        0.034619539976119995
      ],
      [
        0.12453354150056839,
        0.032407909631729126
      ],
      [
        0.12178190797567368,
        0.034213341772556305
      ],
      [
        0.11629913002252579,
        0.03424309566617012
      ],
      [
        0.1051013171672821,
        0.032086122781038284
      ],
      [
        0.09501784294843674,
        0.030226577073335648
      ],
      [
        0.08286938071250916,
        0.027532629668712616
      ],
      [
        0.08499273657798767,
        0.030096614733338356
      ],
      [
        0.08598741888999939,
        0.029431309551000595
      ],
      [
        0.07270239293575287,
        0.023128293454647064
      ],
      [
        0.07627388834953308,
        0.02667984925210476
      ],
      [
        0.07156732678413391,
        0.02587161585688591
      ],
      [
        0.07438017427921295,
        0.02908468432724476
      ],
      [
        0.0669701099395752,
        0.023729924112558365
      ],
      [
        0.06591083109378815,
        0.02218436263501644
      ],
      [
        0.06651172041893005,
        0.02119303308427334
      ],
      [
        0.06737779080867767,
        0.023091882467269897
      ],
      [
        0.06288780272006989,
        0.021424638107419014
      ],
      [
        0.05403110384941101,
        0.019225619733333588
      ],
      [
        0.06830382347106934,
        0.022059665992856026
      ]
    ]
  },
  "val": {
    "mse": [
      [
        0.679450273513794,
        0.38211601972579956
      ],
      [
        0.7465563416481018,
        0.4376319646835327
      ],
      [
        0.5317180752754211,
        0.2920123338699341
      ],
      [
        0.49417024850845337,
        0.3124251365661621
      ],
      [
        0.5052663683891296,
        0.349331796169281
      ],
      [
        0.4669581651687622,
        0.32138821482658386
      ],
      [
        0.432548850774765,
        0.3028576076030731
      ],
      [
        0.4408012330532074,
        0.30908262729644775
      ],
      [
        0.4185941815376282,
        0.29061684012413025
      ],
      [
        0.4084429144859314,
        0.340851366519928
      ],
      [
        0.5198666453361511,
        0.3991125822067261
      ],
      [
        0.4331272840499878,
        0.337818443775177
      ],
      [
        0.4906022250652313,
        0.39476093649864197
      ],
      [
        0.5170736312866211,
        0.3652372658252716
      ],
      [
        0.5978179574012756,
        0.43211281299591064
      ],
      [
        0.6409432291984558,
        0.43795469403266907
      ],
      [
        0.6849130392074585,
        0.4727952778339386
      ],
      [
        0.6195278167724609,
        0.4719661474227905
      ],
      [
        0.6230148673057556,
        0.44176316261291504
      ],
      [
        0.6068438291549683,
        0.41393786668777466
      ],
      [
        0.5762388706207275,
        0.45524969696998596
      ],
      [
        0.5839271545410156,
        0.41492781043052673
      ]
    ],
    "mae": [
      [
        0.163715660572052,
        0.03760400041937828
      ],
      [
        0.16280552744865417,
        0.04614214971661568
      ],
      [
        0.12787280976772308,
        0.0353592224419117
      ],
      [
        0.12113426625728607,
        0.03269591182470322
      ],
      [
        0.12765061855316162,
        0.03782413899898529
      ],
      [
        0.12463165819644928,
        0.0350063294172287
      ],
      [
        0.10438831895589828,
        0.031779561191797256
      ],
      [
        0.10070829093456268,
        0.03468385338783264
      ],
      [
        0.10106100142002106,
        0.03682655468583107
      ],
      [
        0.09142506122589111,
        0.041803959757089615
      ],
      [
        0.10354919731616974,
        0.04158937931060791
      ],
      [
        0.09589052200317383,
        0.039906229823827744
      ],
      [
        0.09896470606327057,
        0.04418443143367767
      ],
      [
        0.1028544157743454,
        0.040949609130620956
      ],
      [
        0.10812385380268097,
        0.048780445009469986
      ],
      [
        0.10988015681505203,
        0.04490210860967636
      ],
      [
        0.11008620262145996,
        0.049699969589710236
      ],
      [
        0.11007267236709595,
        0.04943268001079559
      ],
      [
        0.10693439841270447,
        0.04741165414452553
      ],
      [
        0.10530204325914383,
        0.048136066645383835
      ],
      [
        0.09970742464065552,
        0.043493714183568954
      ],
      [
        0.10091084986925125,
        0.04626084864139557
      ]
    ]
  },
  "train_epochs": [
    0,
    1,
    2,
    3,
    4,
    5,
    6,
    7,
    8,
    9,
    10,
    11,
    12,
    13,
    14,
    15,
    16,
    17,
    18,
    19,
    20,
    21
  ],
  "val_epochs": [
    0,
    1,
    2,
    3,
    4,
    5,
    6,
    7,
    8,
    9,
    10,
    11,
    12,
    13,
    14,
    15,
    16,
    17,
    18,
    19,
    20,
    21
  ],
  "lr": [
    [
      0.0001
    ],
    [
      0.002575000000000002
    ],
    [
      0.005050000000000005
    ],
    [
      0.007524999999999996
    ],
    [
      0.009999999999999998
    ],
    [
      0.00938125
    ],
    [
      0.0087625
    ],
    [
      0.008143749999999998
    ],
    [
      0.007525000000000002
    ],
    [
      0.006906250000000001
    ],
    [
      0.0062875000000000006
    ],
    [
      0.005668749999999999
    ],
    [
      0.00505
    ],
    [
      0.004431250000000002
    ],
    [
      0.003812500000000001
    ],
    [
      0.00319375
    ],
    [
      0.0025749999999999996
    ],
    [
      0.001956249999999999
    ],
    [
      0.0013375000000000012
    ],
    [
      0.0007187500000000006
    ],
    [
      0.0001
    ],
    [
      0.0013374999999999958
    ]
  ]
}