{
  "train": {
    "mse": [
      [
        0.4777061939239502,
        0.28173723816871643
      ],
      [
        0.5757317543029785,
        0.31809642910957336
      ],
      [
        0.4999138116836548,
        0.30730491876602173
      ],
      [
        0.4623338282108307,
        0.29305267333984375
      ],
      [
        0.4402834475040436,
        0.29671773314476013
      ],
      [
        0.46293264627456665,
        0.32856762409210205
      ],
      [
        0.43370670080184937,
        0.3107258081436157
      ],
      [
        0.43708157539367676,
        0.3128686547279358
      ],
      [
        0.37416717410087585,
        0.2795136272907257
      ],
      [
        0.44342294335365295,
        0.3319006860256195
      ],
      [
        0.41982370615005493,
        0.2747812569141388
      ],
      [
        0.34317517280578613,
        0.26282647252082825
      ],
      [
        0.31864476203918457,
        0.23799775540828705
      ],
      [
        0.3087577223777771,
        0.2713639438152313
      ],
      [
        0.366447389125824,
        0.3131365478038788
      ],
      [
        0.28952911496162415,
        0.21256746351718903
      ],
      [
        0.3449457585811615,
        0.2764156460762024
      ],
      [
        0.3371766209602356,
        0.2347661852836609
      ],
      [
        0.3477975130081177,
        0.22527073323726654
      ],
      [
        0.3209564685821533,
        0.23382863402366638
      ],
      [
        0.2605443000793457,
        0.24217204749584198
      ],
      [
        0.378393292427063,
        0.25315505266189575
      ]
    ],
    "mae": [
      [
        0.1410573571920395,
        0.03428017348051071
      ],
      [
        0.1518467217683792,
        0.03568033501505852
      ],
      [
        0.13506028056144714,
        0.03329809382557869
      ],
      [
        0.12606415152549744,
        0.03230611979961395
      ],
      [
        0.12234579771757126,
        0.03412105515599251
      ],
      [
        0.11766041815280914,
        0.03453963249921799
      ],
      [
        0.11154571175575256,
        0.033165764063596725
      ],
      [
        0.10627833008766174,
        0.03174106404185295
      ],
      [
        0.09412623196840286,
        0.02969767153263092
      ],
      [
        0.09836677461862564,
        0.033266451209783554
      ],
      [
        0.10174223780632019,
        0.03329676762223244
      ],
      [
        0.08616480231285095,
        0.026215089485049248
      ],
      [
        0.08994675427675247,
        0.02956543304026127
      ],
      [
        0.08334515988826752,
        0.02917177602648735
      ],
      [
        0.08390294760465622,
        0.03229627013206482
      ],
      [
        0.07517185807228088,
        0.026500485837459564
      ],
      [
        0.07400700449943542,
        0.024964243173599243
      ],
      [
        0.07568679749965668,
        0.02416793256998062
      ],
      [
        0.07687917351722717,
        0.02649754285812378
      ],
      [
        0.07209919393062592,
        0.02465982735157013
      ],
      [
        0.06180846318602562,
        0.022340938448905945
      ],
      [
        0.07972294837236404,
        0.025443701073527336
      ]
    ],
    "fwmae": [
      [
        0.7222453951835632,
        0.17429977655410767
      ],
      [
        0.7658907175064087,
        0.1714501976966858
      ],
      [
        0.6358802318572998,
        0.15438933670520782
      ],
      [
        0.5818625688552856,
        0.14854978024959564
      ],
      [
        0.5565457940101624,
        0.15266917645931244
      ],
      [
        0.5348115563392639,
        0.15399347245693207
      ],
      [
        0.49797359108924866,
        0.1454245150089264
      ],
      [
        0.4643760919570923,
        0.14166992902755737
      ],
      [
        0.4141143262386322,
        0.1356528103351593
      ],
      [
        0.4243334233760834,
        0.14247840642929077
      ],
      [
        0.43029090762138367,
        0.13937953114509583
      ],
      [
        0.36796218156814575,
        0.11008412390947342
      ],
      [
        0.3784693479537964,
        0.12185230106115341
      ],
      [
        0.3563820421695709,
        0.12221433967351913
      ],
      [
        0.3621596097946167,
        0.13243597745895386
      ],
      [
        0.33189818263053894,
        0.10975424200296402
      ],
      [
        0.33607977628707886,
        0.11235485225915909
      ],
      [
        0.3320484161376953,
        0.1023554652929306
      ],
      [
        0.34393608570098877,
        0.11288553476333618
      ],
      [
        0.3198697566986084,
        0.1080375462770462
      ],
      [
        0.2749529480934143,
        0.09565360099077225
      ],
      [
        0.3566836416721344,
        0.10931559652090073
      ]
    ]
  },
  "val": {
    "mse": [
      [
        0.6794228553771973,
        0.3820969760417938
      ],
      [
        0.6804510354995728,
        0.4341919422149658
      ],
      [
        0.5256050825119019,
        0.29316070675849915
      ],
      [
        0.4975202977657318,
        0.31732597947120667
      ],
      [
        0.5021032094955444,
        0.3492506444454193
      ],
      [
        0.4441145062446594,
        0.3086375892162323
      ],
      [
        0.45028164982795715,
        0.3124404847621918
      ],
      [
        0.44707760214805603,
        0.3079373240470886
      ],
      [
        0.4234572947025299,
        0.29195499420166016
      ],
      [
        0.3869169056415558,
        0.31210410594940186
      ],
      [
        0.5392915606498718,
        0.40003570914268494
      ],
      [
        0.3884045481681824,
        0.2934999167919159
      ],
      [
        0.4616149067878723,
        0.3635444939136505
      ],
      [
        0.5141409039497375,
        0.36114221811294556
      ],
      [
        0.5474320650100708,
        0.3911497890949249
      ],
      [
        0.6113460063934326,
        0.41720107197761536
      ],
      [
        0.6192045211791992,
        0.41628238558769226
      ],
      [
        0.7407553195953369,
        0.4606524407863617
      ],
      [
        0.6577367782592773,
        0.4241705536842346
      ],
      [
        0.6583904027938843,
        0.4111487567424774
      ],
      [
        0.5969775915145874,
        0.42423832416534424
      ],
      [
        0.6685788035392761,
        0.43833300471305847
      ]
    ],